mutation,property_value
WT:WT,1
A40P:WT,1.006
A50R:WT,1.034
D106W:WT,0.923
D76N:WT,0.977
E35H:WT,0.867
E35N:WT,0.93
E61Y:WT,0.748
E91S:WT,0.871
F27W:WT,0.651
F32Y:WT,0.802
G9V:WT,0.238
I48V:WT,0.339
I71T:WT,0.783
M108F:WT,0.853
M34H:WT,0.498
Q113D:WT,0.818
Q113P:WT,0.858
Q84D:WT,0.897
R100I:WT,1.015
R100L:WT,0.86
R104G:WT,0.924
R19T:WT,1.297
S121P:WT,1.312
S51I:WT,1.077
S80T:WT,0.99
T116L:WT,1.369
T28D:WT,1.171
T28P:WT,0.901
T90P:WT,1.18
V72I:WT,1.179
Y103N:WT,1.179
Y105G:WT,1.098
Y110V:WT,1.437
Y33W:WT,1.409
A55P:WT,1.219
A64D:WT,1.077
D106Y:WT,1.036
D57G:WT,0.763
E6A:WT,0.929
E6G:WT,0.435
E91R:WT,0.659
F70W:WT,0.487
G107Y:WT,0.601
G44T:WT,0.904
K43Q:WT,1.123
L11E:WT,0.886
L11Q:WT,1.108
M108Y:WT,0.788
N53P:WT,1.009
N56E:WT,0.945
Q113A:WT,0.814
Q13P:WT,1.219
Q3K:WT,1.023
Q84V:WT,0.973
R104Y:WT,0.919
R19W:WT,0.75
R52A:WT,0.951
S101E:WT,1.014
S25G:WT,0.804
S63A:WT,0.993
S65H:WT,0.891
T115K:WT,0.354
V2K:WT,1.02
Y102P:WT,0.945
Y33D:WT,1.274
Y82R:WT,0.66
WT:D49Y,0.148
WT:E78A,0.604
WT:E80S,0.397
WT:F61Y,0.354
WT:F82G,1.289
WT:I105L,1.533
WT:I105P,1.176
WT:I26N,1.777
WT:I26S,1.889
WT:L21I,1.728
WT:L45K,0.204
WT:M32L,0.475
WT:N52T,0.97
WT:N52V,1.242
WT:N91E,1.629
WT:N91Y,0.534
WT:Q36K,0.455
WT:Q88M,1.562
WT:R18T,1.523
WT:S24R,1.358
WT:S24T,1.231
WT:S27Q,1.09
WT:S28P,1.769
WT:T50A,0.146
WT:T71R,0.731
WT:V29I,0.617
WT:V54Q,0.327
WT:V84T,1.762
WT:W90Y,0.528
WT:Y31W,0.608
WT:Y33A,0.006
WT:Y33C,0.462
WT:Y70F,1.467
WT:Y93P,1.463
WT:Y93W,1.303
WT:A42H,0.445
WT:A59M,0.56
WT:A59P,0.994
WT:C23W,0.001
WT:E104V,0.46
WT:E78L,0.518
WT:E80G,0.332
WT:F82Y,1.167
WT:F97Y,0.285
WT:G100V,0.06
WT:G99N,0.857
WT:G99P,0.735
WT:I105N,0.59
WT:K38L,0.45
WT:L46T,0.099
WT:L4M,0.311
WT:L53R,1.764
WT:P43T,0.11
WT:R44K,0.885
WT:S12H,0.74
WT:S27E,1.6
WT:S30P,1.732
WT:S30Y,0.356
WT:S7Q,0.836
WT:T20V,1.589
WT:T92Y,0.965
WT:T96D,0.538
WT:W90L,1.342
WT:Y33W,0.352
WT:Y48R,0.62
WT:Y93L,0.505
A40P:F82G,1.338
A40P:I105L,1.428
A40P:I105P,1.422
A40P:L21I,1.561
A40P:N52T,1.092
A40P:N52V,1.168
A40P:R18T,1.551
A40P:S24R,1.232
A40P:S28P,1.785
A40P:V84T,1.878
A40P:Y70F,1.359
A40P:Y93P,1.7
A40P:Y93W,1.186
A40P:F82Y,1.5
A40P:L53R,2.078
A40P:S30P,1.839
A40P:T20V,1.388
S51I:F82G,1.19
S51I:I105L,1.048
S51I:I105P,0.875
S51I:L21I,1.43
S51I:N52T,0.836
S51I:N52V,0.8
S51I:R18T,0.998
S51I:S24R,1.076
S51I:S28P,1.219
S51I:V84T,1.711
S51I:Y70F,1.28
S51I:Y93P,1.482
S51I:Y93W,1.313
S51I:F82Y,0.847
S51I:L53R,1.661
S51I:S30P,1.569
S51I:T20V,0.86
T116L:F82G,1.54
T116L:I105L,1.445
T116L:I105P,1.209
T116L:L21I,1.92
T116L:N52T,0.984
T116L:N52V,1.172
T116L:R18T,1.704
T116L:S24R,1.577
T116L:S28P,2.098
T116L:V84T,2.126
T116L:Y70F,1.7
T116L:Y93P,1.62
T116L:Y93W,1.477
T116L:F82Y,1.255
T116L:L53R,2.41
T116L:S30P,1.929
T116L:T20V,1.606
L11Q:F82G,1.913
L11Q:I105L,1.707
L11Q:I105P,1.222
L11Q:L21I,1.98
L11Q:N52T,1.143
L11Q:N52V,1.491
L11Q:R18T,1.548
L11Q:S24R,1.525
L11Q:S28P,2.08
L11Q:V84T,1.98
L11Q:Y70F,1.441
L11Q:Y93P,1.14
L11Q:Y93W,0.733
L11Q:F82Y,1.139
L11Q:L53R,1.958
L11Q:S30P,1.666
L11Q:T20V,1.258
Q13P:F82G,1.502
Q13P:I105L,1.548
Q13P:I105P,1.272
Q13P:L21I,1.73
Q13P:N52T,0.917
Q13P:N52V,1.245
Q13P:R18T,1.216
Q13P:S24R,1.462
Q13P:S28P,1.842
Q13P:V84T,2.395
Q13P:Y70F,1.99
Q13P:Y93P,1.895
Q13P:Y93W,1.31
Q13P:F82Y,1.325
Q13P:L53R,2.547
Q13P:S30P,1.959
Q13P:T20V,1.659
S63A:F82G,1.357
S63A:I105L,1.728
S63A:I105P,1.141
S63A:L21I,1.63
S63A:N52T,0.935
S63A:N52V,1.105
S63A:R18T,1.625
S63A:S24R,1.435
S63A:S28P,2.055
S63A:V84T,2.517
S63A:Y70F,1.623
S63A:Y93P,1.938
S63A:Y93W,1.44
S63A:F82Y,1.129
S63A:L53R,2.276
S63A:S30P,1.869
S63A:T20V,1.719
S65H:F82G,1.34
S65H:I105L,1.308
S65H:I105P,0.763
S65H:L21I,1.619
S65H:N52T,0.722
S65H:N52V,0.84
S65H:R18T,1.346
S65H:S24R,1.285
S65H:S28P,2.09
S65H:V84T,1.78
S65H:Y70F,1.235
S65H:Y93P,0.732
S65H:Y93W,0.685
S65H:F82Y,0.853
S65H:L53R,1.669
S65H:S30P,1.45
S65H:T20V,1.203
Q13P:L21I/S28P/L53R/V84T,2.018